,Host Country,Year,Region,Athlete,Sport,Medal_Gold,Medal_Silver,Medal_Bronze,Medals
0,ESP,1992,Kuwait,32,7,0,0,0,0
1,ESP,1992,Niger,3,1,0,0,0,0
2,ESP,1992,Nigeria,55,8,0,7,4,11
3,ESP,1992,North Korea,64,12,4,0,6,10
4,ESP,1992,Norway,83,17,2,20,1,23
5,ESP,1992,Oman,5,2,0,0,0,0
6,ESP,1992,Pakistan,27,5,0,0,16,16
7,ESP,1992,Panama,5,4,0,0,0,0
8,ESP,1992,Nicaragua,8,6,0,0,0,0
9,ESP,1992,Papua New Guinea,13,4,0,0,0,0
10,ESP,1992,Peru,16,9,0,1,0,1
11,ESP,1992,Philippines,26,9,0,0,1,1
12,ESP,1992,Poland,201,21,5,22,19,46
13,ESP,1992,Portugal,90,14,0,0,0,0
14,ESP,1992,Puerto Rico,71,12,0,0,1,1
15,ESP,1992,Qatar,28,2,0,0,1,1
16,ESP,1992,Republic of Congo,7,2,0,0,0,0
17,ESP,1992,Paraguay,27,6,0,0,0,0
18,ESP,1992,New Zealand,134,17,1,9,5,15
19,ESP,1992,Netherlands,201,20,5,20,8,33
20,ESP,1992,Nepal,2,2,0,0,0,0
21,ESP,1992,Lithuania,47,11,1,0,12,13
22,ESP,1992,Luxembourg,6,4,0,0,0,0
23,ESP,1992,Madagascar,13,6,0,0,0,0
24,ESP,1992,Malawi,4,1,0,0,0,0
25,ESP,1992,Malaysia,26,6,0,0,2,2
26,ESP,1992,Maldives,7,2,0,0,0,0
27,ESP,1992,Mali,5,2,0,0,0,0
28,ESP,1992,Malta,6,4,0,0,0,0
29,ESP,1992,Mauritania,6,1,0,0,0,0
30,ESP,1992,Mauritius,13,4,0,0,0,0
31,ESP,1992,Mexico,102,18,0,1,0,1
32,ESP,1992,Monaco,2,2,0,0,0,0
33,ESP,1992,Mongolia,33,8,0,0,2,2
34,ESP,1992,Morocco,44,7,1,1,1,3
35,ESP,1992,Mozambique,6,2,0,0,0,0
36,ESP,1992,Myanmar,4,2,0,0,0,0
37,ESP,1992,Namibia,6,3,0,2,0,2
38,ESP,1992,Romania,173,18,8,31,14,53
39,ESP,1992,Russia,475,27,92,61,67,220
40,ESP,1992,Rwanda,10,2,0,0,0,0
41,ESP,1992,Saint Vincent,6,1,0,0,0,0
42,ESP,1992,Togo,6,2,0,0,0,0
43,ESP,1992,Tonga,5,2,0,0,0,0
44,ESP,1992,Trinidad,7,2,0,0,0,0
45,ESP,1992,Tunisia,13,7,0,0,0,0
46,ESP,1992,Turkey,41,10,2,2,2,6
47,ESP,1992,UK,371,23,8,3,39,50
48,ESP,1992,USA,545,28,89,50,85,224
49,ESP,1992,Uganda,8,3,0,0,0,0
50,ESP,1992,United Arab Emirates,13,3,0,0,0,0
51,ESP,1992,Uruguay,16,11,0,0,0,0
52,ESP,1992,Vanuatu,6,1,0,0,0,0
53,ESP,1992,Venezuela,26,8,0,0,0,0
54,ESP,1992,Vietnam,7,3,0,0,0,0
55,ESP,1992,"Virgin Islands, British",4,2,0,0,0,0
56,ESP,1992,"Virgin Islands, US",25,7,0,0,0,0
57,ESP,1992,Yemen,8,2,0,0,0,0
58,ESP,1992,Zambia,9,3,0,0,0,0
59,ESP,1992,Thailand,46,9,0,0,1,1
60,ESP,1992,Liechtenstein,7,4,0,0,0,0
61,ESP,1992,Tanzania,9,2,0,0,0,0
62,ESP,1992,Syria,8,4,0,0,0,0
63,ESP,1992,Samoa,5,2,0,0,0,0
64,ESP,1992,San Marino,17,7,0,0,0,0
65,ESP,1992,Saudi Arabia,9,5,0,0,0,0
66,ESP,1992,Senegal,20,4,0,0,0,0
67,ESP,1992,Seychelles,11,4,0,0,0,0
68,ESP,1992,Sierra Leone,11,1,0,0,0,0
69,ESP,1992,Slovenia,35,12,0,0,6,6
70,ESP,1992,Solomon Islands,1,1,0,0,0,0
71,ESP,1992,South Africa,93,19,0,3,0,3
72,ESP,1992,South Korea,225,24,28,5,16,49
73,ESP,1992,Spain,422,29,48,19,2,69
74,ESP,1992,Sri Lanka,11,5,0,0,0,0
75,ESP,1992,Sudan,6,3,0,0,0,0
76,ESP,1992,Suriname,6,3,0,0,1,1
77,ESP,1992,Swaziland,6,2,0,0,0,0
78,ESP,1992,Sweden,187,22,1,27,7,35
79,ESP,1992,Switzerland,102,17,1,0,0,1
80,ESP,1992,Taiwan,31,7,0,20,0,20
81,ESP,1992,Libya,5,4,0,0,0,0
82,ESP,1992,Lesotho,6,1,0,0,0,0
83,ESP,1992,Lebanon,12,7,0,0,0,0
84,ESP,1992,Bulgaria,138,19,3,7,7,17
85,ESP,1992,Burkina Faso,4,2,0,0,0,0
86,ESP,1992,Cameroon,8,2,0,0,0,0
87,ESP,1992,Canada,295,24,27,5,12,44
88,ESP,1992,Cayman Islands,10,3,0,0,0,0
89,ESP,1992,Central African Republic,15,3,0,0,0,0
90,ESP,1992,Chad,6,2,0,0,0,0
91,ESP,1992,Chile,12,7,0,0,0,0
92,ESP,1992,China,281,23,18,45,19,82
93,ESP,1992,Colombia,49,11,0,0,1,1
94,ESP,1992,Cook Islands,2,2,0,0,0,0
95,ESP,1992,Costa Rica,16,6,0,0,0,0
96,ESP,1992,Croatia,39,11,0,12,3,15
97,ESP,1992,Cuba,176,16,42,13,14,69
98,ESP,1992,Curacao,4,3,0,0,0,0
99,ESP,1992,Cyprus,17,8,0,0,0,0
100,ESP,1992,Czech Republic,208,25,4,3,1,8
101,ESP,1992,Brazil,182,23,13,1,0,14
102,ESP,1992,Democratic Republic of the Congo,17,4,0,0,0,0
103,ESP,1992,Botswana,6,2,0,0,0,0
104,ESP,1992,Boliva,13,6,0,0,0,0
105,ESP,1992,American Samoa,3,2,0,0,0,0
106,ESP,1992,Andorra,8,5,0,0,0,0
107,ESP,1992,Angola,28,6,0,0,0,0
108,ESP,1992,Antigua,13,3,0,0,0,0
109,ESP,1992,Argentina,84,17,0,0,2,2
110,ESP,1992,Aruba,5,3,0,0,0,0
111,ESP,1992,Australia,279,25,14,27,16,57
112,ESP,1992,Austria,102,17,0,6,0,6
113,ESP,1992,Bahamas,14,4,0,0,1,1
114,ESP,1992,Bahrain,10,2,0,0,0,0
115,ESP,1992,Bangladesh,6,3,0,0,0,0
116,ESP,1992,Barbados,17,5,0,0,0,0
117,ESP,1992,Belgium,68,18,0,1,2,3
118,ESP,1992,Belize,10,2,0,0,0,0
119,ESP,1992,Benin,6,2,0,0,0,0
120,ESP,1992,Bermuda,20,4,0,0,0,0
121,ESP,1992,Bhutan,6,1,0,0,0,0
122,ESP,1992,Bosnia and Herzegovina,10,6,0,0,0,0
123,ESP,1992,Zimbabwe,19,6,0,0,0,0
124,ESP,1992,Denmark,110,14,3,2,9,14
125,ESP,1992,Dominican Republic,32,5,0,0,0,0
126,ESP,1992,Hungary,215,23,14,23,8,45
127,ESP,1992,Iceland,27,6,0,0,0,0
128,ESP,1992,India,52,12,0,0,0,0
129,ESP,1992,Individual Olympic Athletes,58,13,0,1,2,3
130,ESP,1992,Indonesia,42,10,2,3,1,6
131,ESP,1992,Iran,36,6,0,1,2,3
132,ESP,1992,Iraq,8,3,0,0,0,0
133,ESP,1992,Ireland,58,12,1,1,0,2
134,ESP,1992,Israel,30,10,0,1,1,2
135,ESP,1992,Italy,304,26,21,10,14,45
136,ESP,1992,Ivory Coast,13,3,0,0,0,0
137,ESP,1992,Jamaica,36,5,0,3,1,4
138,ESP,1992,Japan,256,24,3,8,36,47
139,ESP,1992,Jordan,4,3,0,0,0,0
140,ESP,1992,Kenya,49,5,2,4,2,8
141,ESP,1992,Laos,6,2,0,0,0,0
142,ESP,1992,Latvia,34,13,0,2,1,3
143,ESP,1992,Honduras,10,4,0,0,0,0
144,ESP,1992,Djibouti,8,3,0,0,0,0
145,ESP,1992,Haiti,7,2,0,0,0,0
146,ESP,1992,Guinea,8,2,0,0,0,0
147,ESP,1992,Ecuador,13,6,0,0,0,0
148,ESP,1992,Egypt,75,13,0,0,0,0
149,ESP,1992,El Salvador,4,3,0,0,0,0
150,ESP,1992,Equatorial Guinea,7,1,0,0,0,0
151,ESP,1992,Estonia,37,13,1,0,2,3
152,ESP,1992,Ethiopia,20,2,1,0,2,3
153,ESP,1992,Fiji,18,4,0,0,0,0
154,ESP,1992,Finland,88,16,1,4,2,7
155,ESP,1992,France,339,25,9,5,43,57
156,ESP,1992,Gabon,5,3,0,0,0,0
157,ESP,1992,Gambia,5,1,0,0,0,0
158,ESP,1992,Germany,463,26,81,57,60,198
159,ESP,1992,Ghana,34,4,0,0,20,20
160,ESP,1992,Greece,70,17,2,0,0,2
161,ESP,1992,Grenada,4,1,0,0,0,0
162,ESP,1992,Guam,22,8,0,0,0,0
163,ESP,1992,Guatemala,14,7,0,0,0,0
164,ESP,1992,Guyana,6,3,0,0,0,0
165,ESP,1992,Algeria,35,7,1,0,1,2
166,ESP,1992,Albania,7,4,0,0,0,0
167,USA,1996,Brazil,221,18,5,15,43,63
168,USA,1996,Nicaragua,26,5,0,0,0,0
169,USA,1996,Niger,3,1,0,0,0,0
170,USA,1996,Nigeria,65,9,17,4,3,24
171,USA,1996,North Korea,24,9,2,1,2,5
172,USA,1996,Norway,97,16,2,3,18,23
173,USA,1996,Oman,4,4,0,0,0,0
174,USA,1996,Pakistan,24,5,0,0,0,0
175,USA,1996,Palestine,1,1,0,0,0,0
176,USA,1996,Panama,7,6,0,0,0,0
177,USA,1996,New Zealand,95,15,3,2,4,9
178,USA,1996,Papua New Guinea,11,3,0,0,0,0
179,USA,1996,Peru,29,8,0,0,0,0
180,USA,1996,Philippines,12,6,0,1,0,1
181,USA,1996,Poland,165,20,7,8,7,22
182,USA,1996,Portugal,107,18,1,0,2,3
183,USA,1996,Puerto Rico,69,16,0,0,1,1
184,USA,1996,Qatar,12,4,0,0,0,0
185,USA,1996,Republic of Congo,5,3,0,0,0,0
186,USA,1996,Romania,165,18,13,10,15,38
187,USA,1996,Russia,390,25,36,45,34,115
188,USA,1996,Paraguay,7,5,0,0,0,0
189,USA,1996,Rwanda,4,1,0,0,0,0
190,USA,1996,Netherlands,239,19,38,9,26,73
191,USA,1996,Nauru,3,1,0,0,0,0
192,USA,1996,Lithuania,61,14,0,0,11,11
193,USA,1996,Luxembourg,6,5,0,0,0,0
194,USA,1996,Macedonia,11,4,0,0,0,0
195,USA,1996,Madagascar,11,4,0,0,0,0
196,USA,1996,Malawi,2,1,0,0,0,0
197,USA,1996,Malaysia,35,8,0,2,1,3
198,USA,1996,Maldives,6,2,0,0,0,0
199,USA,1996,Mali,3,1,0,0,0,0
200,USA,1996,Malta,7,5,0,0,0,0
201,USA,1996,Nepal,6,4,0,0,0,0
202,USA,1996,Mauritania,4,1,0,0,0,0
203,USA,1996,Mexico,98,19,0,0,1,1
204,USA,1996,Moldova,40,10,0,2,1,3
205,USA,1996,Monaco,3,3,0,0,0,0
206,USA,1996,Zambia,8,2,0,1,0,1
207,USA,1996,Mongolia,16,7,0,0,1,1
208,USA,1996,Morocco,34,7,0,0,2,2
209,USA,1996,Mozambique,3,3,0,0,1,1
210,USA,1996,Myanmar,3,2,0,0,0,0
211,USA,1996,Namibia,8,4,0,2,0,2
212,USA,1996,Mauritius,26,6,0,0,0,0
213,USA,1996,Saint Kitts,10,1,0,0,0,0
214,USA,1996,Saint Lucia,6,2,0,0,0,0
215,USA,1996,Saint Vincent,8,1,0,0,0,0
216,USA,1996,Thailand,37,10,1,0,1,2
217,USA,1996,Togo,5,1,0,0,0,0
218,USA,1996,Tonga,5,3,0,1,0,1
219,USA,1996,Trinidad,12,6,0,0,2,2
220,USA,1996,Tunisia,51,9,0,0,1,1
221,USA,1996,Turkey,53,9,4,1,1,6
222,USA,1996,Turkmenistan,7,6,0,0,0,0
223,USA,1996,UK,300,22,2,15,9,26
224,USA,1996,USA,648,31,159,48,52,259
225,USA,1996,Tanzania,7,2,0,0,0,0
226,USA,1996,Uganda,10,4,0,0,1,1
227,USA,1996,United Arab Emirates,4,4,0,0,0,0
228,USA,1996,Uruguay,14,8,0,0,0,0
229,USA,1996,Uzbekistan,71,12,0,1,1,2
230,USA,1996,Vanuatu,4,1,0,0,0,0
231,USA,1996,Venezuela,39,12,0,0,0,0
232,USA,1996,Vietnam,6,4,0,0,0,0
233,USA,1996,"Virgin Islands, British",7,2,0,0,0,0
234,USA,1996,"Virgin Islands, US",12,5,0,0,0,0
235,USA,1996,Yemen,4,2,0,0,0,0
236,USA,1996,Ukraine,231,21,10,5,19,34
237,USA,1996,Tajikistan,8,5,0,0,0,0
238,USA,1996,Taiwan,74,14,0,1,0,1
239,USA,1996,Syria,7,5,1,0,0,1
240,USA,1996,Samoa,5,3,0,0,0,0
241,USA,1996,San Marino,7,6,0,0,0,0
242,USA,1996,Sao Tome and Principe,2,1,0,0,0,0
243,USA,1996,Saudi Arabia,29,5,0,0,0,0
244,USA,1996,Senegal,11,3,0,0,0,0
245,USA,1996,Serbia,68,13,1,12,13,26
246,USA,1996,Seychelles,9,5,0,0,0,0
247,USA,1996,Sierra Leone,14,3,0,0,0,0
248,USA,1996,Slovakia,71,14,1,1,1,3
249,USA,1996,Slovenia,37,8,0,2,0,2
250,USA,1996,Solomon Islands,4,2,0,0,0,0
251,USA,1996,Somalia,4,1,0,0,0,0
252,USA,1996,South Africa,84,14,3,1,1,5
253,USA,1996,South Korea,299,25,10,49,7,66
254,USA,1996,Spain,289,22,23,21,22,66
255,USA,1996,Sri Lanka,9,3,0,0,0,0
256,USA,1996,Sudan,4,2,0,0,0,0
257,USA,1996,Suriname,7,3,0,0,0,0
258,USA,1996,Swaziland,6,3,0,0,0,0
259,USA,1996,Sweden,177,22,3,23,5,31
260,USA,1996,Switzerland,115,17,5,6,0,11
261,USA,1996,Liechtenstein,2,2,0,0,0,0
262,USA,1996,Libya,5,2,0,0,0,0
263,USA,1996,Liberia,5,1,0,0,0,0
264,USA,1996,Lesotho,9,1,0,0,0,0
265,USA,1996,Afghanistan,2,1,0,0,0,0
266,USA,1996,Burkina Faso,5,2,0,0,0,0
267,USA,1996,Burundi,7,1,1,0,0,1
268,USA,1996,Cambodia,5,3,0,0,0,0
269,USA,1996,Cameroon,15,5,0,0,0,0
270,USA,1996,Canada,303,25,8,30,12,50
271,USA,1996,Cape Verde,3,1,0,0,0,0
272,USA,1996,Cayman Islands,9,3,0,0,0,0
273,USA,1996,Central African Republic,5,1,0,0,0,0
274,USA,1996,Albania,7,5,0,0,0,0
275,USA,1996,Chad,4,1,0,0,0,0
276,USA,1996,China,312,25,20,70,17,107
277,USA,1996,Colombia,48,9,0,0,0,0
278,USA,1996,Comoros,4,1,0,0,0,0
279,USA,1996,Cook Islands,3,3,0,0,0,0
280,USA,1996,Costa Rica,11,6,1,0,0,1
281,USA,1996,Croatia,84,14,16,12,0,28
282,USA,1996,Cuba,164,15,37,8,10,55
283,USA,1996,Curacao,6,5,0,0,0,0
284,USA,1996,Cyprus,17,5,0,0,0,0
285,USA,1996,Chile,21,10,0,0,0,0
286,USA,1996,Algeria,45,9,2,0,1,3
287,USA,1996,American Samoa,7,5,0,0,0,0
288,USA,1996,Andorra,8,5,0,0,0,0
289,USA,1996,Botswana,7,2,0,0,0,0
290,USA,1996,Bosnia and Herzegovina,9,7,0,0,0,0
291,USA,1996,Boliva,8,5,0,0,0,0
292,USA,1996,Bhutan,2,1,0,0,0,0
293,USA,1996,Bermuda,9,4,0,0,0,0
294,USA,1996,Benin,5,1,0,0,0,0
295,USA,1996,Belize,5,2,0,0,0,0
296,USA,1996,Belgium,61,14,2,2,2,6
297,USA,1996,Belarus,157,19,1,6,16,23
298,USA,1996,Barbados,13,7,0,0,0,0
299,USA,1996,Bangladesh,4,3,0,0,0,0
300,USA,1996,Bahrain,5,2,0,0,0,0
301,USA,1996,Bulgaria,110,17,3,12,6,21
302,USA,1996,Azerbaijan,23,9,0,1,0,1
303,USA,1996,Austria,72,15,0,1,2,3
304,USA,1996,Australia,417,26,32,16,84,132
305,USA,1996,Aruba,3,3,0,0,0,0
306,USA,1996,Armenia,32,11,1,1,0,2
307,USA,1996,Argentina,179,20,0,19,1,20
308,USA,1996,Antigua,13,4,0,0,0,0
309,USA,1996,Angola,28,5,0,0,0,0
310,USA,1996,Czech Republic,115,17,4,5,4,13
311,USA,1996,Brunei,1,1,0,0,0,0
312,USA,1996,Democratic Republic of the Congo,14,2,0,0,0,0
313,USA,1996,Djibouti,5,2,0,0,0,0
314,USA,1996,Hungary,212,24,8,9,26,43
315,USA,1996,Iceland,9,5,0,0,0,0
316,USA,1996,India,49,13,0,0,1,1
317,USA,1996,Indonesia,40,11,2,1,3,6
318,USA,1996,Iran,18,6,1,1,1,3
319,USA,1996,Iraq,3,3,0,0,0,0
320,USA,1996,Ireland,78,13,3,0,1,4
321,USA,1996,Israel,25,10,0,0,1,1
322,USA,1996,Italy,340,27,19,24,28,71
323,USA,1996,Honduras,7,4,0,0,0,0
324,USA,1996,Ivory Coast,11,4,0,0,0,0
325,USA,1996,Japan,306,27,3,26,13,42
326,USA,1996,Jordan,5,3,0,0,0,0
327,USA,1996,Kazakhstan,96,14,3,4,4,11
328,USA,1996,Kenya,52,5,1,4,3,8
329,USA,1996,Kuwait,25,9,0,0,0,0
330,USA,1996,Kyrgyzstan,33,9,0,0,0,0
331,USA,1996,Laos,5,1,0,0,0,0
332,USA,1996,Latvia,47,12,0,1,0,1
333,USA,1996,Lebanon,1,1,0,0,0,0
334,USA,1996,Jamaica,46,5,1,3,12,16
335,USA,1996,Haiti,7,4,0,0,0,0
336,USA,1996,Guyana,7,2,0,0,0,0
337,USA,1996,Guinea-Bissau,3,2,0,0,0,0
338,USA,1996,Dominica,6,2,0,0,0,0
339,USA,1996,Dominican Republic,16,7,0,0,0,0
340,USA,1996,Ecuador,19,7,1,0,0,1
341,USA,1996,Egypt,29,8,0,0,0,0
342,USA,1996,El Salvador,8,5,0,0,0,0
343,USA,1996,Equatorial Guinea,5,1,0,0,0,0
344,USA,1996,Estonia,43,13,0,0,0,0
345,USA,1996,Ethiopia,18,2,2,0,1,3
346,USA,1996,Fiji,17,5,0,0,0,0
347,USA,1996,Finland,76,15,1,2,1,4
348,USA,1996,France,299,25,21,10,20,51
349,USA,1996,Gabon,7,3,0,0,0,0
350,USA,1996,Gambia,9,1,0,0,0,0
351,USA,1996,Georgia,34,13,0,0,2,2
352,USA,1996,Germany,464,26,42,35,47,124
353,USA,1996,Ghana,35,4,0,0,0,0
354,USA,1996,Greece,121,18,4,4,0,8
355,USA,1996,Grenada,5,1,0,0,0,0
356,USA,1996,Guam,8,4,0,0,0,0
357,USA,1996,Guatemala,26,11,0,0,0,0
358,USA,1996,Guinea,5,2,0,0,0,0
359,USA,1996,Denmark,119,14,21,1,1,23
360,USA,1996,Bahamas,26,4,0,5,0,5
361,USA,1996,Zimbabwe,13,6,0,0,0,0
362,AUS,2000,Albania,4,3,0,0,0,0
363,AUS,2000,Latvia,45,13,1,1,1,3
364,AUS,2000,Laos,3,2,0,0,0,0
365,AUS,2000,Kyrgyzstan,48,9,0,0,1,1
366,AUS,2000,Kuwait,29,6,0,0,1,1
367,AUS,2000,Kenya,56,6,2,3,2,7
368,AUS,2000,Kazakhstan,130,17,3,4,0,7
369,AUS,2000,Jordan,8,6,0,0,0,0
370,AUS,2000,Lebanon,6,4,0,0,0,0
371,AUS,2000,Japan,266,28,5,31,8,44
372,AUS,2000,Ivory Coast,14,5,0,0,0,0
373,AUS,2000,Italy,361,29,22,14,29,65
374,AUS,2000,Israel,39,9,0,0,1,1
375,AUS,2000,Ireland,64,10,0,1,0,1
376,AUS,2000,Iraq,4,2,0,0,0,0
377,AUS,2000,Iran,33,12,3,0,1,4
378,AUS,2000,Indonesia,47,12,2,4,2,8
379,AUS,2000,Jamaica,48,4,0,20,3,23
380,AUS,2000,Individual Olympic Athletes,4,3,0,0,0,0
381,AUS,2000,Lesotho,6,3,0,0,0,0
382,AUS,2000,Liechtenstein,2,2,0,0,0,0
383,AUS,2000,Mongolia,20,6,0,0,0,0
384,AUS,2000,Monaco,4,4,0,0,0,0
385,AUS,2000,Moldova,34,7,0,1,1,2
386,AUS,2000,Micronesia,5,3,0,0,0,0
387,AUS,2000,Mexico,78,19,1,2,3,6
388,AUS,2000,Mauritius,20,8,0,0,0,0
389,AUS,2000,Mauritania,2,1,0,0,0,0
390,AUS,2000,Liberia,8,1,0,0,0,0
391,AUS,2000,Malta,7,5,0,0,0,0
392,AUS,2000,Maldives,4,2,0,0,0,0
393,AUS,2000,Malaysia,40,9,0,0,0,0
394,AUS,2000,Malawi,2,1,0,0,0,0
395,AUS,2000,Madagascar,11,4,0,0,0,0
396,AUS,2000,Macedonia,10,5,0,0,1,1
397,AUS,2000,Luxembourg,7,4,0,0,0,0
398,AUS,2000,Lithuania,61,15,2,0,15,17
399,AUS,2000,Mali,5,3,0,0,0,0
400,AUS,2000,Morocco,55,9,0,1,4,5
401,AUS,2000,India,65,13,0,0,1,1
402,AUS,2000,Hungary,178,23,25,24,4,53
403,AUS,2000,Equatorial Guinea,4,2,0,0,0,0
404,AUS,2000,El Salvador,8,7,0,0,0,0
405,AUS,2000,Egypt,89,20,0,0,0,0
406,AUS,2000,Ecuador,10,5,0,0,0,0
407,AUS,2000,Dominican Republic,13,5,0,0,0,0
408,AUS,2000,Dominica,4,2,0,0,0,0
409,AUS,2000,Djibouti,2,1,0,0,0,0
410,AUS,2000,Eritrea,3,1,0,0,0,0
411,AUS,2000,Denmark,97,16,18,3,4,25
412,AUS,2000,Czech Republic,119,20,2,3,4,9
413,AUS,2000,Cyprus,22,4,0,0,0,0
414,AUS,2000,Curacao,7,6,0,0,0,0
415,AUS,2000,Cuba,229,24,18,35,12,65
416,AUS,2000,Croatia,88,12,1,0,9,10
417,AUS,2000,Costa Rica,7,5,0,0,2,2
418,AUS,2000,Cook Islands,2,2,0,0,0,0
419,AUS,2000,Democratic Republic of the Congo,2,1,0,0,0,0
420,AUS,2000,Iceland,18,5,0,0,1,1
421,AUS,2000,Estonia,33,11,1,0,2,3
422,AUS,2000,Fiji,7,5,0,0,0,0
423,AUS,2000,Honduras,20,3,0,0,0,0
424,AUS,2000,Haiti,5,3,0,0,0,0
425,AUS,2000,Guyana,4,1,0,0,0,0
426,AUS,2000,Guinea-Bissau,3,2,0,0,0,0
427,AUS,2000,Guinea,6,4,0,0,0,0
428,AUS,2000,Guatemala,15,7,0,0,0,0
429,AUS,2000,Guam,7,5,0,0,0,0
430,AUS,2000,Ethiopia,26,2,4,1,3,8
431,AUS,2000,Grenada,3,2,0,0,0,0
432,AUS,2000,Ghana,22,2,0,0,0,0
433,AUS,2000,Germany,422,29,31,23,64,118
434,AUS,2000,Georgia,36,12,0,0,6,6
435,AUS,2000,Gambia,2,1,0,0,0,0
436,AUS,2000,Gabon,5,3,0,0,0,0
437,AUS,2000,France,336,28,22,30,14,66
438,AUS,2000,Finland,70,16,3,1,1,5
439,AUS,2000,Greece,140,23,4,6,8,18
440,AUS,2000,Comoros,2,1,0,0,0,0
441,AUS,2000,Mozambique,4,2,1,0,0,1
442,AUS,2000,Namibia,11,6,0,0,0,0
443,AUS,2000,Togo,3,2,0,0,0,0
444,AUS,2000,Thailand,52,11,1,0,2,3
445,AUS,2000,Tanzania,4,1,0,0,0,0
446,AUS,2000,Tajikistan,4,2,0,0,0,0
447,AUS,2000,Taiwan,55,14,0,1,4,5
448,AUS,2000,Syria,8,4,0,0,0,0
449,AUS,2000,Switzerland,102,19,1,11,2,14
450,AUS,2000,Tonga,3,2,0,0,0,0
451,AUS,2000,Sweden,150,22,4,20,8,32
452,AUS,2000,Suriname,4,2,0,0,0,0
453,AUS,2000,Sudan,3,2,0,0,0,0
454,AUS,2000,Sri Lanka,18,4,0,1,0,1
455,AUS,2000,Spain,321,27,3,19,20,42
456,AUS,2000,South Korea,279,26,12,26,35,73
457,AUS,2000,South Africa,127,17,0,2,3,5
458,AUS,2000,Somalia,2,1,0,0,0,0
459,AUS,2000,Swaziland,6,4,0,0,0,0
460,AUS,2000,Solomon Islands,2,1,0,0,0,0
461,AUS,2000,Trinidad,19,3,0,1,1,2
462,AUS,2000,Turkey,57,10,3,0,2,5
463,AUS,2000,"Virgin Islands, US",9,5,0,0,0,0
464,AUS,2000,Yemen,2,1,0,0,0,0
465,AUS,2000,Zambia,8,3,0,0,0,0
466,AUS,2000,Zimbabwe,16,5,0,0,0,0
467,AUS,2000,"Virgin Islands, British",1,1,0,0,0,0
468,AUS,2000,Vietnam,7,4,0,1,0,1
469,AUS,2000,Venezuela,50,17,0,0,0,0
470,AUS,2000,Tunisia,47,10,0,0,0,0
471,AUS,2000,Vanuatu,3,2,0,0,0,0
472,AUS,2000,Uruguay,15,7,0,1,0,1
473,AUS,2000,United Arab Emirates,4,3,0,0,0,0
474,AUS,2000,Ukraine,230,23,3,20,12,35
475,AUS,2000,Uganda,13,5,0,0,0,0
476,AUS,2000,USA,586,31,130,61,51,242
477,AUS,2000,UK,310,23,22,20,12,54
478,AUS,2000,Turkmenistan,8,6,0,0,0,0
479,AUS,2000,Uzbekistan,70,12,1,1,2,4
480,AUS,2000,Myanmar,7,4,0,0,0,0
481,AUS,2000,Slovenia,74,13,3,0,0,3
482,AUS,2000,Sierra Leone,3,2,0,0,0,0
483,AUS,2000,Paraguay,5,3,0,0,0,0
484,AUS,2000,Papua New Guinea,5,3,0,0,0,0
485,AUS,2000,Panama,6,5,0,0,0,0
486,AUS,2000,Palestine,2,2,0,0,0,0
487,AUS,2000,Palau,5,3,0,0,0,0
488,AUS,2000,Pakistan,27,6,0,0,0,0
489,AUS,2000,Oman,6,3,0,0,0,0
490,AUS,2000,Peru,21,7,0,0,0,0
491,AUS,2000,Norway,93,15,20,4,19,43
492,AUS,2000,Nigeria,83,8,6,2,0,8
493,AUS,2000,Niger,4,2,0,0,0,0
494,AUS,2000,Nicaragua,6,5,0,0,0,0
495,AUS,2000,New Zealand,147,18,1,0,3,4
496,AUS,2000,Netherlands,231,21,27,29,23,79
497,AUS,2000,Nepal,5,3,0,0,0,0
498,AUS,2000,Nauru,2,1,0,0,0,0
499,AUS,2000,North Korea,31,10,0,1,3,4
500,AUS,2000,Slovakia,108,16,2,3,1,6
501,AUS,2000,Philippines,20,9,0,0,0,0
502,AUS,2000,Portugal,61,13,0,0,2,2
503,AUS,2000,Seychelles,9,5,0,0,0,0
504,AUS,2000,Serbia,109,14,11,1,13,25
505,AUS,2000,Senegal,26,6,0,0,0,0
506,AUS,2000,Saudi Arabia,18,5,0,1,1,2
507,AUS,2000,Sao Tome and Principe,2,1,0,0,0,0
508,AUS,2000,San Marino,4,3,0,0,0,0
509,AUS,2000,Samoa,5,5,0,0,0,0
510,AUS,2000,Poland,187,20,7,10,7,24
511,AUS,2000,Saint Vincent,4,2,0,0,0,0
512,AUS,2000,Saint Kitts,2,1,0,0,0,0
513,AUS,2000,Rwanda,5,2,0,0,0,0
514,AUS,2000,Russia,435,30,66,67,54,187
515,AUS,2000,Romania,145,16,27,6,13,46
516,AUS,2000,Republic of Congo,5,3,0,0,0,0
517,AUS,2000,Qatar,17,5,0,0,1,1
518,AUS,2000,Puerto Rico,29,10,0,0,0,0
519,AUS,2000,Saint Lucia,5,2,0,0,0,0
520,AUS,2000,Colombia,44,13,1,0,0,1
521,AUS,2000,Libya,3,3,0,0,0,0
522,AUS,2000,Belize,2,1,0,0,0,0
523,AUS,2000,Brunei,2,2,0,0,0,0
524,AUS,2000,Bulgaria,91,16,5,6,2,13
525,AUS,2000,Burkina Faso,4,3,0,0,0,0
526,AUS,2000,Burundi,6,1,0,0,0,0
527,AUS,2000,Cambodia,4,2,0,0,0,0
528,AUS,2000,Canada,294,29,4,4,23,31
529,AUS,2000,Cape Verde,2,1,0,0,0,0
530,AUS,2000,Brazil,198,24,0,12,36,48
531,AUS,2000,Cayman Islands,3,2,0,0,0,0
532,AUS,2000,Chad,2,1,0,0,0,0
533,AUS,2000,Chile,50,14,0,0,17,17
534,AUS,2000,China,297,28,39,23,17,79
535,AUS,2000,Angola,30,5,0,0,0,0
536,AUS,2000,Andorra,5,3,0,0,0,0
537,AUS,2000,American Samoa,4,3,0,0,0,0
538,AUS,2000,Algeria,47,10,1,1,3,5
539,AUS,2000,Central African Republic,3,2,0,0,0,0
540,AUS,2000,Botswana,7,2,0,0,0,0
541,AUS,2000,Cameroon,34,4,18,0,0,18
542,AUS,2000,Boliva,5,3,0,0,0,0
543,AUS,2000,Antigua,3,2,0,0,0,0
544,AUS,2000,Argentina,143,21,0,17,3,20
545,AUS,2000,Armenia,25,10,0,0,1,1
546,AUS,2000,Aruba,5,3,0,0,0,0
547,AUS,2000,Bosnia and Herzegovina,9,4,0,0,0,0
548,AUS,2000,Australia,617,34,60,69,54,183
549,AUS,2000,Austria,92,17,3,1,0,4
550,AUS,2000,Bahamas,25,3,6,0,5,11
551,AUS,2000,Bahrain,4,2,0,0,0,0
552,AUS,2000,Azerbaijan,31,8,2,0,1,3
553,AUS,2000,Barbados,18,6,0,0,1,1
554,AUS,2000,Belarus,139,20,3,8,11,22
555,AUS,2000,Belgium,68,16,0,3,4,7
556,AUS,2000,Benin,4,3,0,0,0,0
557,AUS,2000,Bermuda,6,4,0,0,0,0
558,AUS,2000,Bhutan,2,1,0,0,0,0
559,AUS,2000,Bangladesh,5,3,0,0,0,0
560,GRE,2004,Russia,446,29,48,46,95,189
561,GRE,2004,Portugal,81,16,0,2,1,3
562,GRE,2004,Puerto Rico,43,15,0,0,0,0
563,GRE,2004,Qatar,15,4,0,0,0,0
564,GRE,2004,Republic of Congo,5,4,0,0,0,0
565,GRE,2004,Romania,108,16,23,5,11,39
566,GRE,2004,Poland,194,21,4,2,6,12
567,GRE,2004,Rwanda,5,2,0,0,0,0
568,GRE,2004,San Marino,5,3,0,0,0,0
569,GRE,2004,Saint Lucia,2,2,0,0,0,0
570,GRE,2004,Saint Vincent,3,2,0,0,0,0
571,GRE,2004,Samoa,3,2,0,0,0,0
572,GRE,2004,Sao Tome and Principe,2,1,0,0,0,0
573,GRE,2004,Saudi Arabia,16,6,0,0,0,0
574,GRE,2004,Philippines,16,6,0,0,0,0
575,GRE,2004,Senegal,15,6,0,0,0,0
576,GRE,2004,Saint Kitts,2,1,0,0,0,0
577,GRE,2004,Peru,12,10,0,0,0,0
578,GRE,2004,Nepal,6,4,0,0,0,0
579,GRE,2004,Papua New Guinea,4,3,0,0,0,0
580,GRE,2004,Mozambique,4,2,0,0,0,0
581,GRE,2004,Myanmar,2,2,0,0,0,0
582,GRE,2004,Namibia,8,5,0,0,0,0
583,GRE,2004,Nauru,3,1,0,0,0,0
584,GRE,2004,Serbia,85,14,0,13,0,13
585,GRE,2004,Netherlands,210,22,4,51,22,77
586,GRE,2004,New Zealand,148,18,4,2,0,6
587,GRE,2004,Nicaragua,5,3,0,0,0,0
588,GRE,2004,Niger,4,3,0,0,0,0
589,GRE,2004,Nigeria,70,10,0,0,8,8
590,GRE,2004,North Korea,36,9,0,4,1,5
591,GRE,2004,Norway,52,12,5,0,2,7
592,GRE,2004,Oman,2,2,0,0,0,0
593,GRE,2004,Pakistan,26,5,0,0,0,0
594,GRE,2004,Palau,4,3,0,0,0,0
595,GRE,2004,Palestine,3,2,0,0,0,0
596,GRE,2004,Panama,4,2,0,0,0,0
597,GRE,2004,Paraguay,22,4,0,17,0,17
598,GRE,2004,Seychelles,9,7,0,0,0,0
599,GRE,2004,Thailand,42,13,3,1,4,8
600,GRE,2004,Slovakia,64,14,3,2,5,10
601,GRE,2004,Tunisia,54,14,0,0,0,0
602,GRE,2004,Turkey,64,10,3,3,5,11
603,GRE,2004,Turkmenistan,9,6,0,0,0,0
604,GRE,2004,UK,264,24,17,25,15,57
605,GRE,2004,USA,533,31,117,75,71,263
606,GRE,2004,Uganda,11,4,0,0,0,0
607,GRE,2004,Ukraine,239,23,8,8,31,47
608,GRE,2004,Trinidad,19,4,0,0,1,1
609,GRE,2004,United Arab Emirates,4,3,1,0,0,1
610,GRE,2004,Uzbekistan,69,14,2,1,2,5
611,GRE,2004,Vanuatu,2,1,0,0,0,0
612,GRE,2004,Venezuela,48,15,0,0,2,2
613,GRE,2004,Vietnam,11,8,0,0,0,0
614,GRE,2004,"Virgin Islands, British",1,1,0,0,0,0
615,GRE,2004,"Virgin Islands, US",6,4,0,0,0,0
616,GRE,2004,Yemen,3,3,0,0,0,0
617,GRE,2004,Uruguay,15,6,0,0,0,0
618,GRE,2004,Tonga,5,4,0,0,0,0
619,GRE,2004,Togo,3,2,0,0,0,0
620,GRE,2004,Timor-Leste,2,1,0,0,0,0
621,GRE,2004,Slovenia,79,10,0,2,3,5
622,GRE,2004,Solomon Islands,2,1,0,0,0,0
623,GRE,2004,Somalia,2,1,0,0,0,0
624,GRE,2004,South Africa,106,20,4,3,3,10
625,GRE,2004,South Korea,260,25,14,28,10,52
626,GRE,2004,Spain,316,27,4,17,9,30
627,GRE,2004,Sri Lanka,7,3,0,0,0,0
628,GRE,2004,Sudan,4,1,0,0,0,0
629,GRE,2004,Suriname,4,2,0,0,0,0
630,GRE,2004,Swaziland,3,2,0,0,0,0
631,GRE,2004,Sweden,115,20,5,5,2,12
632,GRE,2004,Switzerland,98,19,1,2,4,7
633,GRE,2004,Syria,6,5,0,0,1,1
634,GRE,2004,Taiwan,88,14,2,4,3,9
635,GRE,2004,Tajikistan,9,5,0,0,0,0
636,GRE,2004,Tanzania,8,1,0,0,0,0
637,GRE,2004,Morocco,55,9,2,1,0,3
638,GRE,2004,Sierra Leone,2,1,0,0,0,0
639,GRE,2004,Zimbabwe,12,4,1,1,1,3
640,GRE,2004,Mongolia,20,7,0,0,1,1
641,GRE,2004,Moldova,33,8,0,0,0,0
642,GRE,2004,Burundi,7,2,0,0,0,0
643,GRE,2004,Cambodia,4,2,0,0,0,0
644,GRE,2004,Cameroon,17,5,1,0,0,1
645,GRE,2004,Canada,262,28,3,10,4,17
646,GRE,2004,Cape Verde,3,3,0,0,0,0
647,GRE,2004,Cayman Islands,5,2,0,0,0,0
648,GRE,2004,Central African Republic,4,3,0,0,0,0
649,GRE,2004,Chad,1,1,0,0,0,0
650,GRE,2004,Chile,22,11,3,0,1,4
651,GRE,2004,China,404,31,52,29,15,96
652,GRE,2004,Colombia,53,15,0,0,2,2
653,GRE,2004,Comoros,3,2,0,0,0,0
654,GRE,2004,Cook Islands,3,2,0,0,0,0
655,GRE,2004,Costa Rica,20,6,0,0,0,0
656,GRE,2004,Croatia,81,14,15,3,3,21
657,GRE,2004,Cuba,151,18,32,8,22,62
658,GRE,2004,Curacao,3,2,0,0,0,0
659,GRE,2004,Cyprus,20,7,0,0,0,0
660,GRE,2004,Czech Republic,142,20,1,6,6,13
661,GRE,2004,Democratic Republic of the Congo,4,2,0,0,0,0
662,GRE,2004,Denmark,92,16,19,1,9,29
663,GRE,2004,Dominica,2,1,0,0,0,0
664,GRE,2004,Dominican Republic,33,9,1,0,0,1
665,GRE,2004,Ecuador,16,7,0,0,0,0
666,GRE,2004,Egypt,96,17,1,1,3,5
667,GRE,2004,Burkina Faso,5,3,0,0,0,0
668,GRE,2004,Bulgaria,95,19,2,1,14,17
669,GRE,2004,Brunei,1,1,0,0,0,0
670,GRE,2004,Brazil,243,26,18,19,3,40
671,GRE,2004,Afghanistan,5,4,0,0,0,0
672,GRE,2004,Albania,7,4,0,0,0,0
673,GRE,2004,Algeria,61,10,0,0,0,0
674,GRE,2004,American Samoa,3,2,0,0,0,0
675,GRE,2004,Andorra,6,4,0,0,0,0
676,GRE,2004,Angola,30,5,0,0,0,0
677,GRE,2004,Antigua,5,2,0,0,0,0
678,GRE,2004,Argentina,152,22,28,0,21,49
679,GRE,2004,Armenia,18,8,0,0,0,0
680,GRE,2004,Aruba,4,3,0,0,0,0
681,GRE,2004,Australia,470,33,49,77,31,157
682,GRE,2004,Austria,74,18,3,4,1,8
683,GRE,2004,El Salvador,7,6,0,0,0,0
684,GRE,2004,Azerbaijan,36,10,1,0,4,5
685,GRE,2004,Bahrain,10,4,0,0,0,0
686,GRE,2004,Bangladesh,4,3,0,0,0,0
687,GRE,2004,Barbados,10,5,0,0,0,0
688,GRE,2004,Belarus,151,22,2,5,8,15
689,GRE,2004,Belgium,50,14,1,0,2,3
690,GRE,2004,Belize,2,1,0,0,0,0
691,GRE,2004,Benin,4,2,0,0,0,0
692,GRE,2004,Bermuda,10,6,0,0,0,0
693,GRE,2004,Bhutan,2,1,0,0,0,0
694,GRE,2004,Boliva,7,5,0,0,0,0
695,GRE,2004,Bosnia and Herzegovina,9,8,0,0,0,0
696,GRE,2004,Botswana,11,2,0,0,0,0
697,GRE,2004,Bahamas,22,3,1,0,1,2
698,GRE,2004,Equatorial Guinea,2,1,0,0,0,0
699,GRE,2004,Eritrea,4,1,0,0,1,1
700,GRE,2004,Estonia,42,10,0,1,2,3
701,GRE,2004,Jordan,8,5,0,0,0,0
702,GRE,2004,Kazakhstan,114,17,1,4,3,8
703,GRE,2004,Kenya,46,4,1,4,2,7
704,GRE,2004,Kiribati,3,2,0,0,0,0
705,GRE,2004,Kuwait,11,3,0,0,0,0
706,GRE,2004,Kyrgyzstan,29,9,0,0,0,0
707,GRE,2004,Laos,5,3,0,0,0,0
708,GRE,2004,Latvia,32,11,0,4,0,4
709,GRE,2004,Lebanon,5,3,0,0,0,0
710,GRE,2004,Lesotho,3,2,0,0,0,0
711,GRE,2004,Liberia,2,1,0,0,0,0
712,GRE,2004,Libya,8,5,0,0,0,0
713,GRE,2004,Japan,305,31,21,20,52,93
714,GRE,2004,Liechtenstein,1,1,0,0,0,0
715,GRE,2004,Luxembourg,10,6,0,0,0,0
716,GRE,2004,Macedonia,10,5,0,0,0,0
717,GRE,2004,Madagascar,8,5,0,0,0,0
718,GRE,2004,Malawi,4,2,0,0,0,0
719,GRE,2004,Malaysia,26,11,0,0,0,0
720,GRE,2004,Maldives,4,2,0,0,0,0
721,GRE,2004,Mali,21,4,0,0,0,0
722,GRE,2004,Malta,7,5,0,0,0,0
723,GRE,2004,Mauritania,2,1,0,0,0,0
724,GRE,2004,Mauritius,9,5,0,0,0,0
725,GRE,2004,Mexico,109,20,0,3,1,4
726,GRE,2004,Micronesia,5,3,0,0,0,0
727,GRE,2004,Lithuania,59,13,1,2,0,3
728,GRE,2004,Monaco,3,3,0,0,0,0
729,GRE,2004,Jamaica,47,4,6,1,6,13
730,GRE,2004,Italy,364,30,24,41,39,104
731,GRE,2004,Ethiopia,26,2,2,3,2,7
732,GRE,2004,Fiji,8,6,0,0,0,0
733,GRE,2004,Finland,53,12,0,2,0,2
734,GRE,2004,France,308,27,21,10,22,53
735,GRE,2004,Gabon,5,3,0,0,0,0
736,GRE,2004,Gambia,2,1,0,0,0,0
737,GRE,2004,Georgia,32,10,2,2,0,4
738,GRE,2004,Germany,441,29,41,45,63,149
739,GRE,2004,Ghana,26,2,0,0,0,0
740,GRE,2004,Greece,426,33,8,18,5,31
741,GRE,2004,Grenada,5,2,0,0,0,0
742,GRE,2004,Guam,4,3,0,0,0,0
743,GRE,2004,Ivory Coast,5,3,0,0,0,0
744,GRE,2004,Guatemala,18,8,0,0,0,0
745,GRE,2004,Guinea-Bissau,3,2,0,0,0,0
746,GRE,2004,Guyana,4,3,0,0,0,0
747,GRE,2004,Haiti,8,4,0,0,0,0
748,GRE,2004,Honduras,5,4,0,0,0,0
749,GRE,2004,Hungary,208,20,24,12,4,40
750,GRE,2004,Iceland,26,5,0,0,0,0
751,GRE,2004,India,73,14,0,1,0,1
752,GRE,2004,Indonesia,38,14,1,1,3,5
753,GRE,2004,Iran,37,10,2,2,2,6
754,GRE,2004,Iraq,24,7,0,0,0,0
755,GRE,2004,Ireland,46,9,0,0,0,0
756,GRE,2004,Israel,36,14,1,0,1,2
757,GRE,2004,Guinea,3,3,0,0,0,0
758,GRE,2004,Zambia,6,3,0,0,0,0
759,CHN,2008,Mozambique,4,3,0,0,0,0
760,CHN,2008,Afghanistan,4,2,0,0,1,1
761,CHN,2008,Vanuatu,3,2,0,0,0,0
762,CHN,2008,Uzbekistan,56,14,1,2,3,6
763,CHN,2008,Uruguay,12,6,0,0,0,0
764,CHN,2008,United Arab Emirates,8,7,0,0,0,0
765,CHN,2008,Ukraine,243,24,10,5,16,31
766,CHN,2008,Uganda,11,4,0,0,0,0
767,CHN,2008,USA,588,32,127,110,80,317
768,CHN,2008,UK,304,23,31,25,25,81
769,CHN,2008,Turkmenistan,10,6,0,0,0,0
770,CHN,2008,Turkey,67,12,1,3,3,7
771,CHN,2008,Tunisia,26,10,1,0,0,1
772,CHN,2008,Trinidad,28,4,5,1,0,6
773,CHN,2008,Tonga,3,2,0,0,0,0
774,CHN,2008,Togo,4,4,0,0,1,1
775,CHN,2008,Timor-Leste,1,1,0,0,0,0
776,CHN,2008,Thailand,47,12,2,2,0,4
777,CHN,2008,Tanzania,9,2,0,0,0,0
778,CHN,2008,Tajikistan,15,8,0,1,1,2
779,CHN,2008,Taiwan,79,15,0,0,4,4
780,CHN,2008,Syria,7,5,0,0,0,0
781,CHN,2008,Switzerland,83,20,3,1,7,11
782,CHN,2008,Venezuela,108,21,0,0,1,1
783,CHN,2008,Sweden,123,20,0,5,2,7
784,CHN,2008,Vietnam,13,8,0,1,0,1
785,CHN,2008,"Virgin Islands, US",7,5,0,0,0,0
786,CHN,2008,Lithuania,71,16,0,2,3,5
787,CHN,2008,Luxembourg,13,7,0,0,0,0
788,CHN,2008,Macedonia,7,5,0,0,0,0
789,CHN,2008,Madagascar,6,4,0,0,0,0
790,CHN,2008,Malawi,4,2,0,0,0,0
791,CHN,2008,Malaysia,32,10,0,1,0,1
792,CHN,2008,Maldives,4,2,0,0,0,0
793,CHN,2008,Mali,17,4,0,0,0,0
794,CHN,2008,Malta,6,4,0,0,0,0
795,CHN,2008,Marshall Islands,5,3,0,0,0,0
796,CHN,2008,Mauritania,2,1,0,0,0,0
797,CHN,2008,Mauritius,11,7,0,0,1,1
798,CHN,2008,Mexico,83,23,2,0,2,4
799,CHN,2008,Micronesia,5,3,0,0,0,0
800,CHN,2008,Moldova,29,8,0,0,1,1
801,CHN,2008,Monaco,5,5,0,0,0,0
802,CHN,2008,Mongolia,28,7,2,2,0,4
803,CHN,2008,Montenegro,19,6,0,0,0,0
804,CHN,2008,Zimbabwe,13,6,1,3,0,4
805,CHN,2008,Zambia,8,4,0,0,0,0
806,CHN,2008,Yemen,5,4,0,0,0,0
807,CHN,2008,"Virgin Islands, British",2,1,0,0,0,0
808,CHN,2008,Swaziland,4,2,0,0,0,0
809,CHN,2008,Suriname,4,2,0,0,0,0
810,CHN,2008,Sudan,9,2,0,1,0,1
811,CHN,2008,Poland,257,23,6,13,1,20
812,CHN,2008,Philippines,15,8,0,0,0,0
813,CHN,2008,Peru,13,10,0,0,0,0
814,CHN,2008,Paraguay,7,5,0,0,0,0
815,CHN,2008,Papua New Guinea,7,5,0,0,0,0
816,CHN,2008,Panama,5,3,1,0,0,1
817,CHN,2008,Palestine,4,2,0,0,0,0
818,CHN,2008,Palau,5,3,0,0,0,0
819,CHN,2008,Pakistan,21,4,0,0,0,0
820,CHN,2008,Oman,4,3,0,0,0,0
821,CHN,2008,Norway,84,15,16,5,1,22
822,CHN,2008,North Korea,58,12,2,1,3,6
823,CHN,2008,Nigeria,74,10,0,16,7,23
824,CHN,2008,Niger,4,2,0,0,0,0
825,CHN,2008,Nicaragua,6,4,0,0,0,0
826,CHN,2008,New Zealand,178,17,4,2,9,15
827,CHN,2008,Netherlands,237,20,39,18,4,61
828,CHN,2008,Nepal,8,6,0,0,0,0
829,CHN,2008,Nauru,1,1,0,0,0,0
830,CHN,2008,Namibia,10,4,0,0,0,0
831,CHN,2008,Myanmar,6,5,0,0,0,0
832,CHN,2008,Portugal,77,16,1,1,0,2
833,CHN,2008,Puerto Rico,22,8,0,0,0,0
834,CHN,2008,Qatar,20,6,0,0,0,0
835,CHN,2008,Republic of Congo,5,3,0,0,0,0
836,CHN,2008,Sri Lanka,8,6,0,0,0,0
837,CHN,2008,Spain,283,29,7,47,16,70
838,CHN,2008,South Korea,263,27,41,11,26,78
839,CHN,2008,South Africa,134,20,0,1,0,1
840,CHN,2008,Somalia,2,1,0,0,0,0
841,CHN,2008,Solomon Islands,3,2,0,0,0,0
842,CHN,2008,Slovenia,61,11,1,2,2,5
843,CHN,2008,Slovakia,57,14,4,5,1,10
844,CHN,2008,Sierra Leone,3,2,0,0,0,0
845,CHN,2008,Seychelles,9,6,0,0,0,0
846,CHN,2008,Morocco,47,7,0,1,1,2
847,CHN,2008,Serbia,87,11,0,1,14,15
848,CHN,2008,Saudi Arabia,14,4,0,0,0,0
849,CHN,2008,Sao Tome and Principe,3,2,0,0,0,0
850,CHN,2008,San Marino,4,3,0,0,0,0
851,CHN,2008,Samoa,6,5,0,0,0,0
852,CHN,2008,Saint Vincent,2,1,0,0,0,0
853,CHN,2008,Saint Lucia,4,2,0,0,0,0
854,CHN,2008,Saint Kitts,4,1,0,0,0,0
855,CHN,2008,Rwanda,4,2,0,0,0,0
856,CHN,2008,Russia,454,29,43,46,53,142
857,CHN,2008,Romania,101,16,5,1,16,22
858,CHN,2008,Senegal,15,7,0,0,0,0
859,CHN,2008,Libya,6,4,0,0,0,0
860,CHN,2008,Liechtenstein,2,2,0,0,0,0
861,CHN,2008,Lesotho,5,2,0,0,0,0
862,CHN,2008,Bulgaria,70,15,1,1,3,5
863,CHN,2008,Burkina Faso,6,4,0,0,0,0
864,CHN,2008,Burundi,3,2,0,0,0,0
865,CHN,2008,Cambodia,4,2,0,0,0,0
866,CHN,2008,Cameroon,32,9,1,0,0,1
867,CHN,2008,Canada,332,30,11,13,11,35
868,CHN,2008,Cape Verde,2,2,0,0,0,0
869,CHN,2008,Cayman Islands,4,2,0,0,0,0
870,CHN,2008,Central African Republic,3,2,0,0,0,0
871,CHN,2008,Chad,2,1,0,0,0,0
872,CHN,2008,Chile,26,14,0,1,0,1
873,CHN,2008,China,617,34,74,53,57,184
874,CHN,2008,Colombia,67,16,0,1,1,2
875,CHN,2008,Comoros,3,2,0,0,0,0
876,CHN,2008,Cook Islands,4,3,0,0,0,0
877,CHN,2008,Costa Rica,8,4,0,0,0,0
878,CHN,2008,Croatia,99,15,0,2,3,5
879,CHN,2008,Cuba,158,18,2,34,11,47
880,CHN,2008,Curacao,3,3,0,0,0,0
881,CHN,2008,Cyprus,17,6,0,0,0,0
882,CHN,2008,Czech Republic,134,21,3,4,0,7
883,CHN,2008,Brazil,268,28,14,34,30,78
884,CHN,2008,Botswana,11,3,0,0,0,0
885,CHN,2008,Bosnia and Herzegovina,5,4,0,0,0,0
886,CHN,2008,Boliva,7,5,0,0,0,0
887,CHN,2008,Albania,11,6,0,0,0,0
888,CHN,2008,Algeria,56,12,0,1,1,2
889,CHN,2008,American Samoa,4,3,0,0,0,0
890,CHN,2008,Andorra,5,4,0,0,0,0
891,CHN,2008,Angola,32,6,0,0,0,0
892,CHN,2008,Antigua,5,2,0,0,0,0
893,CHN,2008,Argentina,132,19,20,0,31,51
894,CHN,2008,Armenia,25,7,0,0,6,6
895,CHN,2008,Aruba,2,2,0,0,0,0
896,CHN,2008,Australia,432,31,31,42,76,149
897,CHN,2008,Liberia,3,1,0,0,0,0
898,CHN,2008,Austria,70,16,0,1,2,3
899,CHN,2008,Bahamas,25,4,0,6,1,7
900,CHN,2008,Bahrain,14,3,0,0,0,0
901,CHN,2008,Bangladesh,5,3,0,0,0,0
902,CHN,2008,Barbados,8,3,0,0,0,0
903,CHN,2008,Belarus,177,24,8,5,16,29
904,CHN,2008,Belgium,94,16,1,4,0,5
905,CHN,2008,Belize,4,2,0,0,0,0
906,CHN,2008,Benin,5,3,0,0,0,0
907,CHN,2008,Bermuda,6,4,0,0,0,0
908,CHN,2008,Bhutan,2,1,0,0,0,0
909,CHN,2008,Azerbaijan,44,10,1,2,4,7
910,CHN,2008,Denmark,84,16,6,7,6,19
911,CHN,2008,Democratic Republic of the Congo,5,4,0,0,0,0
912,CHN,2008,Dominica,2,1,0,0,0,0
913,CHN,2008,Hungary,170,20,16,8,3,27
914,CHN,2008,Iceland,27,5,0,14,0,14
915,CHN,2008,India,53,12,1,0,2,3
916,CHN,2008,Indonesia,24,7,2,2,3,7
917,CHN,2008,Iran,54,12,1,0,1,2
918,CHN,2008,Iraq,4,2,0,0,0,0
919,CHN,2008,Ireland,55,12,0,1,2,3
920,CHN,2008,Israel,43,12,0,0,1,1
921,CHN,2008,Italy,333,29,8,14,20,42
922,CHN,2008,Ivory Coast,21,5,0,0,0,0
923,CHN,2008,Jamaica,50,4,5,3,6,14
924,CHN,2008,Japan,332,31,23,15,13,51
925,CHN,2008,Jordan,7,5,0,0,0,0
926,CHN,2008,Kazakhstan,130,19,2,4,7,13
927,CHN,2008,Kenya,46,5,6,4,5,15
928,CHN,2008,Kiribati,2,2,0,0,0,0
929,CHN,2008,Kuwait,8,5,0,0,0,0
930,CHN,2008,Kyrgyzstan,20,9,0,1,1,2
931,CHN,2008,Laos,4,2,0,0,0,0
932,CHN,2008,Latvia,47,11,1,1,1,3
933,CHN,2008,Lebanon,6,4,0,0,0,0
934,CHN,2008,Djibouti,2,1,0,0,0,0
935,CHN,2008,Haiti,7,3,0,0,0,0
936,CHN,2008,Honduras,25,5,0,0,0,0
937,CHN,2008,Guinea-Bissau,3,2,0,0,0,0
938,CHN,2008,Dominican Republic,24,9,1,1,0,2
939,CHN,2008,Ecuador,25,9,0,1,0,1
940,CHN,2008,Egypt,100,19,0,0,1,1
941,CHN,2008,El Salvador,11,9,0,0,0,0
942,CHN,2008,Equatorial Guinea,3,2,0,0,0,0
943,CHN,2008,Eritrea,10,1,0,0,0,0
944,CHN,2008,Estonia,47,13,1,2,0,3
945,CHN,2008,Ethiopia,27,1,4,1,2,7
946,CHN,2008,Guyana,4,2,0,0,0,0
947,CHN,2008,Finland,57,14,1,2,2,5
948,CHN,2008,Fiji,6,5,0,0,0,0
949,CHN,2008,Gabon,4,3,0,0,0,0
950,CHN,2008,Gambia,3,2,0,0,0,0
951,CHN,2008,Georgia,35,11,3,0,3,6
952,CHN,2008,Germany,420,30,42,16,41,99
953,CHN,2008,Ghana,9,2,0,0,0,0
954,CHN,2008,Greece,152,23,0,3,4,7
955,CHN,2008,Grenada,9,2,0,0,0,0
956,CHN,2008,Guam,6,5,0,0,0,0
957,CHN,2008,Guatemala,12,9,0,0,0,0
958,CHN,2008,Guinea,5,3,0,0,0,0
959,CHN,2008,France,309,25,25,24,28,77
960,GBR,2012,"Virgin Islands, US",7,3,0,0,0,0
961,GBR,2012,Zimbabwe,7,4,0,0,0,0
962,GBR,2012,Zambia,7,4,0,0,0,0
963,GBR,2012,Yemen,4,3,0,0,0,0
964,GBR,2012,"Virgin Islands, British",2,1,0,0,0,0
965,GBR,2012,Kuwait,10,4,0,0,1,1
966,GBR,2012,Venezuela,68,15,1,0,0,1
967,GBR,2012,Grenada,8,3,1,0,0,1
968,GBR,2012,Greece,102,20,0,0,3,3
969,GBR,2012,Ghana,7,4,0,0,0,0
970,GBR,2012,Germany,383,27,45,27,22,94
971,GBR,2012,Georgia,34,10,1,3,3,7
972,GBR,2012,Gambia,2,1,0,0,0,0
973,GBR,2012,Gabon,21,5,0,1,0,1
974,GBR,2012,France,324,28,30,30,22,82
975,GBR,2012,Finland,56,14,0,1,4,5
976,GBR,2012,Guam,8,5,0,0,0,0
977,GBR,2012,Fiji,9,6,0,0,0,0
978,GBR,2012,Estonia,32,11,0,1,1,2
979,GBR,2012,Eritrea,12,2,0,0,0,0
980,GBR,2012,Equatorial Guinea,2,1,0,0,0,0
981,GBR,2012,El Salvador,10,7,0,0,0,0
982,GBR,2012,Egypt,109,21,0,2,0,2
983,GBR,2012,Ecuador,36,11,0,0,0,0
984,GBR,2012,Dominican Republic,33,10,1,1,0,2
985,GBR,2012,Dominica,2,1,0,0,0,0
986,GBR,2012,Djibouti,4,3,0,0,0,0
987,GBR,2012,Ethiopia,33,2,3,1,3,7
988,GBR,2012,Guatemala,19,11,0,1,0,1
989,GBR,2012,Guinea,4,3,0,0,0,0
990,GBR,2012,Guinea-Bissau,4,2,0,0,0,0
991,GBR,2012,Kyrgyzstan,14,8,0,0,0,0
992,GBR,2012,Kiribati,3,2,0,0,0,0
993,GBR,2012,Kenya,47,4,2,4,5,11
994,GBR,2012,Kazakhstan,113,19,7,1,5,13
995,GBR,2012,Jordan,9,5,0,0,0,0
996,GBR,2012,Japan,291,29,7,44,33,84
997,GBR,2012,Jamaica,45,4,8,9,8,25
998,GBR,2012,Ivory Coast,9,6,0,0,0,0
999,GBR,2012,Italy,281,28,16,22,30,68
1000,GBR,2012,Israel,37,10,0,0,0,0
1001,GBR,2012,Ireland,64,14,1,1,3,5
1002,GBR,2012,Iraq,8,7,0,0,0,0
1003,GBR,2012,Iran,52,13,4,5,3,12
1004,GBR,2012,Indonesia,22,8,0,1,1,2
1005,GBR,2012,Individual Olympic Athletes,4,3,0,0,0,0
1006,GBR,2012,India,81,13,0,2,4,6
1007,GBR,2012,Iceland,27,6,0,0,0,0
1008,GBR,2012,Hungary,151,21,12,8,6,26
1009,GBR,2012,Honduras,25,8,0,0,0,0
1010,GBR,2012,Haiti,5,2,0,0,0,0
1011,GBR,2012,Guyana,6,3,0,0,0,0
1012,GBR,2012,Denmark,114,17,3,5,8,16
1013,GBR,2012,Czech Republic,133,21,4,4,6,14
1014,GBR,2012,Cyprus,13,7,0,1,0,1
1015,GBR,2012,Cuba,109,14,5,3,6,14
1016,GBR,2012,Belize,3,2,0,0,0,0
1017,GBR,2012,Belgium,111,16,0,1,2,3
1018,GBR,2012,Belarus,160,23,3,12,8,23
1019,GBR,2012,Barbados,6,3,0,0,0,0
1020,GBR,2012,Bangladesh,5,5,0,0,0,0
1021,GBR,2012,Bahrain,12,3,0,0,1,1
1022,GBR,2012,Bahamas,21,2,4,0,0,4
1023,GBR,2012,Azerbaijan,52,15,2,2,6,10
1024,GBR,2012,Austria,70,19,0,0,0,0
1025,GBR,2012,Australia,405,29,18,37,59,114
1026,GBR,2012,Aruba,4,3,0,0,0,0
1027,GBR,2012,Armenia,24,9,0,1,2,3
1028,GBR,2012,Argentina,137,23,1,15,3,19
1029,GBR,2012,Antigua,4,2,0,0,0,0
1030,GBR,2012,Angola,33,6,0,0,0,0
1031,GBR,2012,Andorra,6,4,0,0,0,0
1032,GBR,2012,American Samoa,4,3,0,0,0,0
1033,GBR,2012,Algeria,38,12,1,0,0,1
1034,GBR,2012,Albania,9,5,0,0,0,0
1035,GBR,2012,Afghanistan,6,4,0,0,1,1
1036,GBR,2012,Vietnam,18,11,0,0,0,0
1037,GBR,2012,Benin,5,4,0,0,0,0
1038,GBR,2012,Laos,3,2,0,0,0,0
1039,GBR,2012,Bermuda,8,5,0,0,0,0
1040,GBR,2012,Boliva,5,3,0,0,0,0
1041,GBR,2012,Croatia,107,17,15,4,16,35
1042,GBR,2012,Costa Rica,11,6,0,0,0,0
1043,GBR,2012,Cook Islands,8,5,0,0,0,0
1044,GBR,2012,Comoros,3,2,0,0,0,0
1045,GBR,2012,Colombia,101,19,1,3,4,8
1046,GBR,2012,China,406,29,56,40,30,126
1047,GBR,2012,Chile,35,17,0,0,0,0
1048,GBR,2012,Chad,2,2,0,0,0,0
1049,GBR,2012,Central African Republic,6,4,0,0,0,0
1050,GBR,2012,Cayman Islands,4,2,0,0,0,0
1051,GBR,2012,Cape Verde,3,2,0,0,0,0
1052,GBR,2012,Canada,273,28,1,21,33,55
1053,GBR,2012,Cameroon,32,9,0,0,0,0
1054,GBR,2012,Cambodia,6,4,0,0,0,0
1055,GBR,2012,Burundi,6,3,0,0,0,0
1056,GBR,2012,Burkina Faso,5,3,0,0,0,0
1057,GBR,2012,Bulgaria,63,17,0,1,1,2
1058,GBR,2012,Brunei,3,2,0,0,0,0
1059,GBR,2012,Brazil,248,27,14,34,11,59
1060,GBR,2012,Botswana,4,2,0,1,0,1
1061,GBR,2012,Bosnia and Herzegovina,6,4,0,0,0,0
1062,GBR,2012,Bhutan,2,2,0,0,0,0
1063,GBR,2012,Latvia,45,12,1,0,2,3
1064,GBR,2012,Democratic Republic of the Congo,4,3,0,0,0,0
1065,GBR,2012,Lesotho,4,2,0,0,0,0
1066,GBR,2012,Sudan,6,2,0,0,0,0
1067,GBR,2012,Spain,278,27,5,33,25,63
1068,GBR,2012,South Korea,249,25,18,13,30,61
1069,GBR,2012,South Africa,124,17,6,2,1,9
1070,GBR,2012,Somalia,2,1,0,0,0,0
1071,GBR,2012,Solomon Islands,4,3,0,0,0,0
1072,GBR,2012,Slovenia,65,15,1,1,3,5
1073,GBR,2012,Slovakia,47,11,0,1,4,5
1074,GBR,2012,Sierra Leone,2,1,0,0,0,0
1075,GBR,2012,Seychelles,6,4,0,0,0,0
1076,GBR,2012,Serbia,116,15,1,1,14,16
1077,GBR,2012,Senegal,31,8,0,0,0,0
1078,GBR,2012,Saudi Arabia,18,5,0,0,4,4
1079,GBR,2012,Sao Tome and Principe,2,1,0,0,0,0
1080,GBR,2012,San Marino,4,4,0,0,0,0
1081,GBR,2012,Samoa,8,6,0,0,0,0
1082,GBR,2012,Saint Vincent,3,2,0,0,0,0
1083,GBR,2012,Saint Lucia,4,3,0,0,0,0
1084,GBR,2012,Saint Kitts,4,1,0,0,0,0
1085,GBR,2012,Rwanda,7,4,0,0,0,0
1086,GBR,2012,Russia,429,30,50,39,51,140
1087,GBR,2012,Suriname,5,3,0,0,0,0
1088,GBR,2012,Romania,105,15,2,8,6,16
1089,GBR,2012,Swaziland,3,2,0,0,0,0
1090,GBR,2012,Switzerland,98,19,2,2,0,4
1091,GBR,2012,Vanuatu,5,3,0,0,0,0
1092,GBR,2012,Lebanon,10,7,0,0,0,0
1093,GBR,2012,Uzbekistan,53,14,1,0,2,3
1094,GBR,2012,Uruguay,27,8,0,0,0,0
1095,GBR,2012,United Arab Emirates,26,6,0,0,0,0
1096,GBR,2012,Ukraine,230,25,9,5,12,26
1097,GBR,2012,Uganda,15,4,1,0,0,1
1098,GBR,2012,USA,529,31,145,57,46,248
1099,GBR,2012,UK,530,32,48,30,48,126
1100,GBR,2012,Turkmenistan,10,5,0,0,0,0
1101,GBR,2012,Turkey,112,16,2,2,1,5
1102,GBR,2012,Tunisia,83,17,1,1,1,3
1103,GBR,2012,Trinidad,25,6,1,4,5,10
1104,GBR,2012,Tonga,3,2,0,0,0,0
1105,GBR,2012,Togo,6,5,0,0,0,0
1106,GBR,2012,Timor-Leste,2,1,0,0,0,0
1107,GBR,2012,Thailand,37,15,0,2,1,3
1108,GBR,2012,Tanzania,6,3,0,0,0,0
1109,GBR,2012,Tajikistan,16,7,0,0,1,1
1110,GBR,2012,Taiwan,44,14,0,1,1,2
1111,GBR,2012,Syria,10,7,0,0,0,0
1112,GBR,2012,Sweden,133,21,2,17,3,22
1113,GBR,2012,Republic of Congo,7,3,0,0,0,0
1114,GBR,2012,Sri Lanka,7,4,0,0,0,0
1115,GBR,2012,Marshall Islands,4,2,0,0,0,0
1116,GBR,2012,Morocco,63,12,0,0,1,1
1117,GBR,2012,Montenegro,33,7,0,14,0,14
1118,GBR,2012,Monaco,6,6,0,0,0,0
1119,GBR,2012,Moldova,20,9,0,0,2,2
1120,GBR,2012,Micronesia,6,4,0,0,0,0
1121,GBR,2012,Mexico,99,23,16,5,3,24
1122,GBR,2012,Mauritius,11,7,0,0,0,0
1123,GBR,2012,Mauritania,2,1,0,0,0,0
1124,GBR,2012,Malta,5,3,0,0,0,0
1125,GBR,2012,Mali,6,4,0,0,0,0
1126,GBR,2012,Maldives,5,3,0,0,0,0
1127,GBR,2012,Malaysia,29,9,0,1,1,2
1128,GBR,2012,Malawi,3,2,0,0,0,0
1129,GBR,2012,Madagascar,7,5,0,0,0,0
1130,GBR,2012,Macedonia,4,2,0,0,0,0
1131,GBR,2012,Luxembourg,9,7,0,0,0,0
1132,GBR,2012,Lithuania,62,14,2,1,2,5
1133,GBR,2012,Liechtenstein,3,3,0,0,0,0
1134,GBR,2012,Libya,4,3,0,0,0,0
1135,GBR,2012,Qatar,12,4,0,0,2,2
1136,GBR,2012,Liberia,3,1,0,0,0,0
1137,GBR,2012,Mozambique,6,4,0,0,0,0
1138,GBR,2012,Myanmar,6,5,0,0,0,0
1139,GBR,2012,Mongolia,29,7,0,2,3,5
1140,GBR,2012,Panama,8,5,0,0,0,0
1141,GBR,2012,Portugal,76,14,0,2,0,2
1142,GBR,2012,Poland,210,24,2,2,8,12
1143,GBR,2012,Philippines,11,8,0,0,0,0
1144,GBR,2012,Peru,16,9,0,0,0,0
1145,GBR,2012,Paraguay,8,6,0,0,0,0
1146,GBR,2012,Papua New Guinea,8,5,0,0,0,0
1147,GBR,2012,Namibia,9,5,0,0,0,0
1148,GBR,2012,Palestine,5,3,0,0,0,0
1149,GBR,2012,Palau,5,4,0,0,0,0
1150,GBR,2012,Pakistan,20,4,0,0,0,0
1151,GBR,2012,Oman,3,2,0,0,0,0
1152,GBR,2012,North Korea,51,11,4,0,2,6
1153,GBR,2012,Nigeria,49,8,0,0,0,0
1154,GBR,2012,Niger,6,5,0,0,0,0
1155,GBR,2012,Nicaragua,6,4,0,0,0,0
1156,GBR,2012,New Zealand,178,16,9,3,15,27
1157,GBR,2012,Netherlands,173,19,21,29,19,69
1158,GBR,2012,Nepal,5,3,0,0,0,0
1159,GBR,2012,Nauru,2,2,0,0,0,0
1160,GBR,2012,Norway,61,15,15,1,1,17
1161,GBR,2012,Puerto Rico,25,8,0,1,1,2
1162,BRA,2016,Oman,4,2,0,0,0,0
1163,BRA,2016,Palau,5,4,0,0,0,0
1164,BRA,2016,Palestine,6,4,0,0,0,0
1165,BRA,2016,Pakistan,7,4,0,0,0,0
1166,BRA,2016,Nicaragua,5,4,0,0,0,0
1167,BRA,2016,North Korea,30,9,2,3,2,7
1168,BRA,2016,Nigeria,71,10,0,0,18,18
1169,BRA,2016,Niger,6,4,0,1,0,1
1170,BRA,2016,Panama,10,7,0,0,0,0
1171,BRA,2016,Norway,62,13,0,0,19,19
1172,BRA,2016,Papua New Guinea,8,6,0,0,0,0
1173,BRA,2016,Luxembourg,10,5,0,0,0,0
1174,BRA,2016,Peru,29,11,0,0,0,0
1175,BRA,2016,Philippines,13,8,0,1,0,1
1176,BRA,2016,Poland,234,24,3,3,10,16
1177,BRA,2016,Portugal,90,17,0,0,1,1
1178,BRA,2016,Puerto Rico,40,15,1,0,0,1
1179,BRA,2016,Qatar,37,10,0,1,0,1
1180,BRA,2016,Republic of Congo,10,5,0,0,0,0
1181,BRA,2016,Romania,95,15,4,2,10,16
1182,BRA,2016,New Zealand,195,20,6,25,5,36
1183,BRA,2016,Russia,284,29,52,28,35,115
1184,BRA,2016,Paraguay,11,7,0,0,0,0
1185,BRA,2016,Netherlands,237,23,9,25,13,47
1186,BRA,2016,Macedonia,6,4,0,0,0,0
1187,BRA,2016,Nauru,2,2,0,0,0,0
1188,BRA,2016,Rwanda,7,3,0,0,0,0
1189,BRA,2016,Lithuania,67,15,0,2,5,7
1190,BRA,2016,Madagascar,6,4,0,0,0,0
1191,BRA,2016,Malawi,5,3,0,0,0,0
1192,BRA,2016,Malaysia,32,10,0,7,1,8
1193,BRA,2016,Maldives,4,2,0,0,0,0
1194,BRA,2016,Mali,6,4,0,0,0,0
1195,BRA,2016,Malta,7,4,0,0,0,0
1196,BRA,2016,Marshall Islands,5,3,0,0,0,0
1197,BRA,2016,Mauritania,2,1,0,0,0,0
1198,BRA,2016,Mauritius,11,7,0,0,0,0
1199,BRA,2016,Mexico,123,27,0,3,2,5
1200,BRA,2016,Micronesia,5,3,0,0,0,0
1201,BRA,2016,Moldova,23,9,0,0,0,0
1202,BRA,2016,Monaco,3,3,0,0,0,0
1203,BRA,2016,Mongolia,43,9,0,1,1,2
1204,BRA,2016,Montenegro,35,7,0,0,0,0
1205,BRA,2016,Morocco,48,13,0,0,1,1
1206,BRA,2016,Mozambique,6,4,0,0,0,0
1207,BRA,2016,Myanmar,7,5,0,0,0,0
1208,BRA,2016,Namibia,10,4,0,0,0,0
1209,BRA,2016,Nepal,7,5,0,0,0,0
1210,BRA,2016,Saint Kitts,6,1,0,0,0,0
1211,BRA,2016,South Korea,207,26,13,3,10,26
1212,BRA,2016,Saint Vincent,4,2,0,0,0,0
1213,BRA,2016,Tunisia,61,17,0,0,3,3
1214,BRA,2016,Trinidad,28,8,0,0,1,1
1215,BRA,2016,Tonga,7,4,0,0,0,0
1216,BRA,2016,Togo,5,3,0,0,0,0
1217,BRA,2016,Timor-Leste,3,2,0,0,0,0
1218,BRA,2016,Thailand,54,15,2,2,2,6
1219,BRA,2016,Tanzania,7,3,0,0,0,0
1220,BRA,2016,Tajikistan,7,4,1,0,0,1
1221,BRA,2016,Taiwan,55,18,1,0,4,5
1222,BRA,2016,Syria,7,5,0,0,0,0
1223,BRA,2016,Switzerland,102,17,6,3,2,11
1224,BRA,2016,Sweden,150,22,2,23,3,28
1225,BRA,2016,Swaziland,2,1,0,0,0,0
1226,BRA,2016,Suriname,6,4,0,0,0,0
1227,BRA,2016,Sudan,6,3,0,0,0,0
1228,BRA,2016,Sri Lanka,9,6,0,0,0,0
1229,BRA,2016,Spain,307,28,9,19,17,45
1230,BRA,2016,South Sudan,3,1,0,0,0,0
1231,BRA,2016,South Africa,135,15,2,7,14,23
1232,BRA,2016,Liechtenstein,3,2,0,0,0,0
1233,BRA,2016,Somalia,2,1,0,0,0,0
1234,BRA,2016,Turkey,100,21,1,3,4,8
1235,BRA,2016,Turkmenistan,9,5,0,0,0,0
1236,BRA,2016,UK,360,26,64,55,26,145
1237,BRA,2016,USA,555,33,139,54,71,264
1238,BRA,2016,Samoa,8,5,0,0,0,0
1239,BRA,2016,San Marino,4,2,0,0,0,0
1240,BRA,2016,Sao Tome and Principe,3,2,0,0,0,0
1241,BRA,2016,Saudi Arabia,10,5,0,0,0,0
1242,BRA,2016,Senegal,22,8,0,0,0,0
1243,BRA,2016,Serbia,103,14,14,27,13,54
1244,BRA,2016,Seychelles,10,6,0,0,0,0
1245,BRA,2016,Sierra Leone,4,2,0,0,0,0
1246,BRA,2016,Slovakia,51,12,3,5,0,8
1247,BRA,2016,Zimbabwe,30,7,0,0,0,0
1248,BRA,2016,Saint Lucia,5,3,0,0,0,0
1249,BRA,2016,Zambia,7,4,0,0,0,0
1250,BRA,2016,"Virgin Islands, US",7,4,0,0,0,0
1251,BRA,2016,"Virgin Islands, British",4,2,0,0,0,0
1252,BRA,2016,Vietnam,22,10,1,1,0,2
1253,BRA,2016,Venezuela,85,20,0,1,2,3
1254,BRA,2016,Vanuatu,4,4,0,0,0,0
1255,BRA,2016,Uzbekistan,70,15,4,2,7,13
1256,BRA,2016,Uruguay,17,8,0,0,0,0
1257,BRA,2016,United Arab Emirates,12,6,0,0,1,1
1258,BRA,2016,Ukraine,204,24,2,8,5,15
1259,BRA,2016,Uganda,21,3,0,0,0,0
1260,BRA,2016,Yemen,3,3,0,0,0,0
1261,BRA,2016,Libya,7,6,0,0,0,0
1262,BRA,2016,American Samoa,4,3,0,0,0,0
1263,BRA,2016,Lesotho,8,3,0,0,0,0
1264,BRA,2016,Brazil,462,34,36,8,6,50
1265,BRA,2016,Brunei,3,2,0,0,0,0
1266,BRA,2016,Bulgaria,51,14,0,1,6,7
1267,BRA,2016,Burkina Faso,5,3,0,0,0,0
1268,BRA,2016,Burundi,9,3,0,1,0,1
1269,BRA,2016,Cambodia,6,4,0,0,0,0
1270,BRA,2016,Cameroon,22,6,0,0,0,0
1271,BRA,2016,Canada,310,31,4,4,61,69
1272,BRA,2016,Cape Verde,5,4,0,0,0,0
1273,BRA,2016,Cayman Islands,5,3,0,0,0,0
1274,BRA,2016,Central African Republic,6,4,0,0,0,0
1275,BRA,2016,Chad,2,1,0,0,0,0
1276,BRA,2016,Chile,42,16,0,0,0,0
1277,BRA,2016,China,427,32,46,30,37,113
1278,BRA,2016,Colombia,143,21,3,2,3,8
1279,BRA,2016,Comoros,4,2,0,0,0,0
1280,BRA,2016,Cook Islands,9,5,0,0,0,0
1281,BRA,2016,Costa Rica,11,6,0,0,0,0
1282,BRA,2016,Croatia,85,18,7,15,2,24
1283,BRA,2016,Cuba,117,19,5,2,4,11
1284,BRA,2016,Cyprus,15,6,0,0,0,0
1285,BRA,2016,Botswana,12,3,0,0,0,0
1286,BRA,2016,Bosnia and Herzegovina,11,5,0,0,0,0
1287,BRA,2016,Boliva,12,5,0,0,0,0
1288,BRA,2016,Bhutan,2,2,0,0,0,0
1289,BRA,2016,Slovenia,63,12,1,2,1,4
1290,BRA,2016,Afghanistan,3,2,0,0,0,0
1291,BRA,2016,Albania,6,3,0,0,0,0
1292,BRA,2016,Algeria,64,13,0,2,0,2
1293,BRA,2016,Andorra,4,4,0,0,0,0
1294,BRA,2016,Angola,26,7,0,0,0,0
1295,BRA,2016,Antigua,8,2,0,0,0,0
1296,BRA,2016,Argentina,215,26,21,1,0,22
1297,BRA,2016,Armenia,31,8,1,3,0,4
1298,BRA,2016,Aruba,7,4,0,0,0,0
1299,BRA,2016,Czech Republic,104,20,1,2,12,15
1300,BRA,2016,Australia,420,31,23,34,25,82
1301,BRA,2016,Azerbaijan,56,15,1,7,10,18
1302,BRA,2016,Bahamas,29,3,1,0,5,6
1303,BRA,2016,Bahrain,33,4,1,1,0,2
1304,BRA,2016,Bangladesh,7,5,0,0,0,0
1305,BRA,2016,Barbados,11,5,0,0,0,0
1306,BRA,2016,Belarus,120,22,1,4,7,12
1307,BRA,2016,Belgium,104,19,2,17,2,21
1308,BRA,2016,Belize,3,2,0,0,0,0
1309,BRA,2016,Benin,6,4,0,0,0,0
1310,BRA,2016,Bermuda,8,5,0,0,0,0
1311,BRA,2016,Austria,71,23,0,0,2,2
1312,BRA,2016,Democratic Republic of the Congo,4,3,0,0,0,0
1313,BRA,2016,Denmark,119,16,15,10,16,41
1314,BRA,2016,Djibouti,7,3,0,0,0,0
1315,BRA,2016,Hungary,153,20,12,3,7,22
1316,BRA,2016,Iceland,8,4,0,0,0,0
1317,BRA,2016,India,112,15,0,1,1,2
1318,BRA,2016,Individual Olympic Athletes,9,3,1,0,1,2
1319,BRA,2016,Indonesia,28,7,2,2,0,4
1320,BRA,2016,Iran,63,15,3,1,4,8
1321,BRA,2016,Iraq,20,5,0,0,0,0
1322,BRA,2016,Ireland,76,14,0,3,0,3
1323,BRA,2016,Israel,47,16,0,0,2,2
1324,BRA,2016,Italy,309,26,8,40,24,72
1325,BRA,2016,Honduras,23,7,0,0,0,0
1326,BRA,2016,Ivory Coast,12,6,1,0,1,2
1327,BRA,2016,Japan,335,32,17,13,34,64
1328,BRA,2016,Jordan,8,6,1,0,0,1
1329,BRA,2016,Kazakhstan,101,19,3,5,10,18
1330,BRA,2016,Kenya,79,7,6,6,1,13
1331,BRA,2016,Kiribati,3,2,0,0,0,0
1332,BRA,2016,Kosovo,8,5,1,0,0,1
1333,BRA,2016,Kyrgyzstan,19,6,0,0,0,0
1334,BRA,2016,Laos,5,4,0,0,0,0
1335,BRA,2016,Latvia,32,12,0,0,0,0
1336,BRA,2016,Lebanon,9,7,0,0,0,0
1337,BRA,2016,Jamaica,56,4,11,17,2,30
1338,BRA,2016,Liberia,2,1,0,0,0,0
1339,BRA,2016,Haiti,10,7,0,0,0,0
1340,BRA,2016,Guinea-Bissau,5,3,0,0,0,0
1341,BRA,2016,Dominica,2,1,0,0,0,0
1342,BRA,2016,Dominican Republic,26,11,0,0,1,1
1343,BRA,2016,Ecuador,37,12,0,0,0,0
1344,BRA,2016,Egypt,121,23,0,0,3,3
1345,BRA,2016,El Salvador,8,6,0,0,0,0
1346,BRA,2016,Equatorial Guinea,1,1,0,0,0,0
1347,BRA,2016,Eritrea,12,2,0,0,0,0
1348,BRA,2016,Estonia,46,13,0,0,4,4
1349,BRA,2016,Ethiopia,37,3,1,2,5,8
1350,BRA,2016,Fiji,53,10,13,0,0,13
1351,BRA,2016,Guyana,6,2,0,0,0,0
1352,BRA,2016,Finland,54,17,0,0,1,1
1353,BRA,2016,Gabon,6,4,0,0,0,0
1354,BRA,2016,Gambia,4,3,0,0,0,0
1355,BRA,2016,Georgia,40,12,2,1,4,7
1356,BRA,2016,Germany,418,29,49,43,67,159
1357,BRA,2016,Ghana,13,5,0,0,0,0
1358,BRA,2016,Greece,92,16,3,1,3,7
1359,BRA,2016,Grenada,6,2,0,1,0,1
1360,BRA,2016,Guam,5,3,0,0,0,0
1361,BRA,2016,Guatemala,21,10,0,0,0,0
1362,BRA,2016,Guinea,5,3,0,0,0,0
1363,BRA,2016,France,392,32,20,55,21,96
1364,BRA,2016,Solomon Islands,3,2,0,0,0,0
